"source_path","project_path","kind","bytes"
"Pixel Crawler - Free Pack/Entities/Characters/Body_A/Animations/Carry_Idle/Carry_Idle_Down.aseprite","assets/external/pixel_crawler_free_pack/sources/aseprite/entities/characters/body_a/animations/carry_idle/carry_idle_down.aseprite","aseprite_source","1991"
"Pixel Crawler - Free Pack/Entities/Characters/Body_A/Animations/Carry_Idle/Carry_Idle_Side.aseprite","assets/external/pixel_crawler_free_pack/sources/aseprite/entities/characters/body_a/animations/carry_idle/carry_idle_side.aseprite","aseprite_source","2072"
"Pixel Crawler - Free Pack/Entities/Characters/Body_A/Animations/Carry_Idle/Carry_Idle_Up.aseprite","assets/external/pixel_crawler_free_pack/sources/aseprite/entities/characters/body_a/animations/carry_idle/carry_idle_up.aseprite","aseprite_source","1931"
"Pixel Crawler - Free Pack/Entities/Characters/Body_A/Animations/Carry_Run/Carry_Run_Down.aseprite","assets/external/pixel_crawler_free_pack/sources/aseprite/entities/characters/body_a/animations/carry_run/carry_run_down.aseprite","aseprite_source","2913"
"Pixel Crawler - Free Pack/Entities/Characters/Body_A/Animations/Carry_Run/Carry_Run_Side.aseprite","assets/external/pixel_crawler_free_pack/sources/aseprite/entities/characters/body_a/animations/carry_run/carry_run_side.aseprite","aseprite_source","3006"
"Pixel Crawler - Free Pack/Entities/Characters/Body_A/Animations/Carry_Run/Carry_Run_Up.aseprite","assets/external/pixel_crawler_free_pack/sources/aseprite/entities/characters/body_a/animations/carry_run/carry_run_up.aseprite","aseprite_source","2770"
"Pixel Crawler - Free Pack/Entities/Characters/Body_A/Animations/Carry_Walk/Carry_Walk_Down.aseprite","assets/external/pixel_crawler_free_pack/sources/aseprite/entities/characters/body_a/animations/carry_walk/carry_walk_down.aseprite","aseprite_source","2861"
"Pixel Crawler - Free Pack/Entities/Characters/Body_A/Animations/Carry_Walk/Carry_Walk_Side.aseprite","assets/external/pixel_crawler_free_pack/sources/aseprite/entities/characters/body_a/animations/carry_walk/carry_walk_side.aseprite","aseprite_source","3007"
"Pixel Crawler - Free Pack/Entities/Characters/Body_A/Animations/Carry_Walk/Carry_Walk_Up.aseprite","assets/external/pixel_crawler_free_pack/sources/aseprite/entities/characters/body_a/animations/carry_walk/carry_walk_up.aseprite","aseprite_source","2751"
"Pixel Crawler - Free Pack/Entities/Characters/Body_A/Animations/Collect_Base/Collect_Down.aseprite","assets/external/pixel_crawler_free_pack/sources/aseprite/entities/characters/body_a/animations/collect_base/collect_down.aseprite","aseprite_source","3560"
"Pixel Crawler - Free Pack/Entities/Characters/Body_A/Animations/Collect_Base/Collect_Side.aseprite","assets/external/pixel_crawler_free_pack/sources/aseprite/entities/characters/body_a/animations/collect_base/collect_side.aseprite","aseprite_source","3771"
"Pixel Crawler - Free Pack/Entities/Characters/Body_A/Animations/Collect_Base/Collect_Up.aseprite","assets/external/pixel_crawler_free_pack/sources/aseprite/entities/characters/body_a/animations/collect_base/collect_up.aseprite","aseprite_source","3393"
"Pixel Crawler - Free Pack/Entities/Characters/Body_A/Animations/Crush_Base/Crush_Down.aseprite","assets/external/pixel_crawler_free_pack/sources/aseprite/entities/characters/body_a/animations/crush_base/crush_down.aseprite","aseprite_source","4831"
"Pixel Crawler - Free Pack/Entities/Characters/Body_A/Animations/Crush_Base/Crush_Side.aseprite","assets/external/pixel_crawler_free_pack/sources/aseprite/entities/characters/body_a/animations/crush_base/crush_side.aseprite","aseprite_source","4951"
"Pixel Crawler - Free Pack/Entities/Characters/Body_A/Animations/Crush_Base/Crush_Up.aseprite","assets/external/pixel_crawler_free_pack/sources/aseprite/entities/characters/body_a/animations/crush_base/crush_up.aseprite","aseprite_source","4455"
"Pixel Crawler - Free Pack/Entities/Characters/Body_A/Animations/Death_Base/Death_Down.aseprite","assets/external/pixel_crawler_free_pack/sources/aseprite/entities/characters/body_a/animations/death_base/death_down.aseprite","aseprite_source","3476"
"Pixel Crawler - Free Pack/Entities/Characters/Body_A/Animations/Death_Base/Death_Side.aseprite","assets/external/pixel_crawler_free_pack/sources/aseprite/entities/characters/body_a/animations/death_base/death_side.aseprite","aseprite_source","3599"
"Pixel Crawler - Free Pack/Entities/Characters/Body_A/Animations/Death_Base/Death_Up.aseprite","assets/external/pixel_crawler_free_pack/sources/aseprite/entities/characters/body_a/animations/death_base/death_up.aseprite","aseprite_source","3374"
"Pixel Crawler - Free Pack/Entities/Characters/Body_A/Animations/Fishing_Base/Fishing_Down.aseprite","assets/external/pixel_crawler_free_pack/sources/aseprite/entities/characters/body_a/animations/fishing_base/fishing_down.aseprite","aseprite_source","4878"
"Pixel Crawler - Free Pack/Entities/Characters/Body_A/Animations/Fishing_Base/Fishing_Side.aseprite","assets/external/pixel_crawler_free_pack/sources/aseprite/entities/characters/body_a/animations/fishing_base/fishing_side.aseprite","aseprite_source","5162"
"Pixel Crawler - Free Pack/Entities/Characters/Body_A/Animations/Fishing_Base/Fishing_Up.aseprite","assets/external/pixel_crawler_free_pack/sources/aseprite/entities/characters/body_a/animations/fishing_base/fishing_up.aseprite","aseprite_source","4880"
"Pixel Crawler - Free Pack/Entities/Characters/Body_A/Animations/Hit_Base/Hit_Down.aseprite","assets/external/pixel_crawler_free_pack/sources/aseprite/entities/characters/body_a/animations/hit_base/hit_down.aseprite","aseprite_source","1971"
"Pixel Crawler - Free Pack/Entities/Characters/Body_A/Animations/Hit_Base/Hit_Side.aseprite","assets/external/pixel_crawler_free_pack/sources/aseprite/entities/characters/body_a/animations/hit_base/hit_side.aseprite","aseprite_source","2104"
"Pixel Crawler - Free Pack/Entities/Characters/Body_A/Animations/Hit_Base/Hit_Up.aseprite","assets/external/pixel_crawler_free_pack/sources/aseprite/entities/characters/body_a/animations/hit_base/hit_up.aseprite","aseprite_source","1896"
"Pixel Crawler - Free Pack/Entities/Characters/Body_A/Animations/Idle_Base/Idle_Down.aseprite","assets/external/pixel_crawler_free_pack/sources/aseprite/entities/characters/body_a/animations/idle_base/idle_down.aseprite","aseprite_source","1954"
"Pixel Crawler - Free Pack/Entities/Characters/Body_A/Animations/Idle_Base/Idle_Side.aseprite","assets/external/pixel_crawler_free_pack/sources/aseprite/entities/characters/body_a/animations/idle_base/idle_side.aseprite","aseprite_source","2144"
"Pixel Crawler - Free Pack/Entities/Characters/Body_A/Animations/Idle_Base/Idle_Up.aseprite","assets/external/pixel_crawler_free_pack/sources/aseprite/entities/characters/body_a/animations/idle_base/idle_up.aseprite","aseprite_source","1851"
"Pixel Crawler - Free Pack/Entities/Characters/Body_A/Animations/Pierce_Base/Pierce_Down.aseprite","assets/external/pixel_crawler_free_pack/sources/aseprite/entities/characters/body_a/animations/pierce_base/pierce_down.aseprite","aseprite_source","4776"
"Pixel Crawler - Free Pack/Entities/Characters/Body_A/Animations/Pierce_Base/Pierce_Side.aseprite","assets/external/pixel_crawler_free_pack/sources/aseprite/entities/characters/body_a/animations/pierce_base/pierce_side.aseprite","aseprite_source","5114"
"Pixel Crawler - Free Pack/Entities/Characters/Body_A/Animations/Pierce_Base/Pierce_Top.aseprite","assets/external/pixel_crawler_free_pack/sources/aseprite/entities/characters/body_a/animations/pierce_base/pierce_top.aseprite","aseprite_source","4504"
"Pixel Crawler - Free Pack/Entities/Characters/Body_A/Animations/Run_Base/Run_Down.aseprite","assets/external/pixel_crawler_free_pack/sources/aseprite/entities/characters/body_a/animations/run_base/run_down.aseprite","aseprite_source","2930"
"Pixel Crawler - Free Pack/Entities/Characters/Body_A/Animations/Run_Base/Run_Side.aseprite","assets/external/pixel_crawler_free_pack/sources/aseprite/entities/characters/body_a/animations/run_base/run_side.aseprite","aseprite_source","2963"
"Pixel Crawler - Free Pack/Entities/Characters/Body_A/Animations/Run_Base/Run_Up.aseprite","assets/external/pixel_crawler_free_pack/sources/aseprite/entities/characters/body_a/animations/run_base/run_up.aseprite","aseprite_source","2730"
"Pixel Crawler - Free Pack/Entities/Characters/Body_A/Animations/Slice_Base/Slice_Down.aseprite","assets/external/pixel_crawler_free_pack/sources/aseprite/entities/characters/body_a/animations/slice_base/slice_down.aseprite","aseprite_source","5011"
"Pixel Crawler - Free Pack/Entities/Characters/Body_A/Animations/Slice_Base/Slice_Side.aseprite","assets/external/pixel_crawler_free_pack/sources/aseprite/entities/characters/body_a/animations/slice_base/slice_side.aseprite","aseprite_source","5354"
"Pixel Crawler - Free Pack/Entities/Characters/Body_A/Animations/Slice_Base/Slice_Up.aseprite","assets/external/pixel_crawler_free_pack/sources/aseprite/entities/characters/body_a/animations/slice_base/slice_up.aseprite","aseprite_source","4722"
"Pixel Crawler - Free Pack/Entities/Characters/Body_A/Animations/Walk_Base/Walk_Down.aseprite","assets/external/pixel_crawler_free_pack/sources/aseprite/entities/characters/body_a/animations/walk_base/walk_down.aseprite","aseprite_source","2828"
"Pixel Crawler - Free Pack/Entities/Characters/Body_A/Animations/Walk_Base/Walk_Side.aseprite","assets/external/pixel_crawler_free_pack/sources/aseprite/entities/characters/body_a/animations/walk_base/walk_side.aseprite","aseprite_source","2970"
"Pixel Crawler - Free Pack/Entities/Characters/Body_A/Animations/Walk_Base/Walk_Up.aseprite","assets/external/pixel_crawler_free_pack/sources/aseprite/entities/characters/body_a/animations/walk_base/walk_up.aseprite","aseprite_source","2735"
"Pixel Crawler - Free Pack/Entities/Characters/Body_A/Animations/Watering_Base/Watering_Down.aseprite","assets/external/pixel_crawler_free_pack/sources/aseprite/entities/characters/body_a/animations/watering_base/watering_down.aseprite","aseprite_source","5058"
"Pixel Crawler - Free Pack/Entities/Characters/Body_A/Animations/Watering_Base/Watering_Side.aseprite","assets/external/pixel_crawler_free_pack/sources/aseprite/entities/characters/body_a/animations/watering_base/watering_side.aseprite","aseprite_source","5071"
"Pixel Crawler - Free Pack/Entities/Characters/Body_A/Animations/Watering_Base/Watering_Up.aseprite","assets/external/pixel_crawler_free_pack/sources/aseprite/entities/characters/body_a/animations/watering_base/watering_up.aseprite","aseprite_source","4179"
"Pixel Crawler - Free Pack/Entities/Mobs/Orc Crew/Orc/Death/Death.aseprite","assets/external/pixel_crawler_free_pack/sources/aseprite/entities/mobs/orc_crew/orc/death/death.aseprite","aseprite_source","2753"
"Pixel Crawler - Free Pack/Entities/Mobs/Orc Crew/Orc/Idle/Idle.aseprite","assets/external/pixel_crawler_free_pack/sources/aseprite/entities/mobs/orc_crew/orc/idle/idle.aseprite","aseprite_source","2295"
"Pixel Crawler - Free Pack/Entities/Mobs/Orc Crew/Orc/Run/Run.aseprite","assets/external/pixel_crawler_free_pack/sources/aseprite/entities/mobs/orc_crew/orc/run/run.aseprite","aseprite_source","6303"
"Pixel Crawler - Free Pack/Entities/Mobs/Orc Crew/Orc - Rogue/Death/Death.aseprite","assets/external/pixel_crawler_free_pack/sources/aseprite/entities/mobs/orc_crew/orc_rogue/death/death.aseprite","aseprite_source","3037"
"Pixel Crawler - Free Pack/Entities/Mobs/Orc Crew/Orc - Rogue/Idle/Idle.aseprite","assets/external/pixel_crawler_free_pack/sources/aseprite/entities/mobs/orc_crew/orc_rogue/idle/idle.aseprite","aseprite_source","2406"
"Pixel Crawler - Free Pack/Entities/Mobs/Orc Crew/Orc - Rogue/Run/Run.aseprite","assets/external/pixel_crawler_free_pack/sources/aseprite/entities/mobs/orc_crew/orc_rogue/run/run.aseprite","aseprite_source","8397"
"Pixel Crawler - Free Pack/Entities/Mobs/Orc Crew/Orc - Shaman/Death/Death.aseprite","assets/external/pixel_crawler_free_pack/sources/aseprite/entities/mobs/orc_crew/orc_shaman/death/death.aseprite","aseprite_source","3306"
"Pixel Crawler - Free Pack/Entities/Mobs/Orc Crew/Orc - Shaman/Idle/Idle.aseprite","assets/external/pixel_crawler_free_pack/sources/aseprite/entities/mobs/orc_crew/orc_shaman/idle/idle.aseprite","aseprite_source","2448"
"Pixel Crawler - Free Pack/Entities/Mobs/Orc Crew/Orc - Shaman/Run/Run.aseprite","assets/external/pixel_crawler_free_pack/sources/aseprite/entities/mobs/orc_crew/orc_shaman/run/run.aseprite","aseprite_source","7381"
"Pixel Crawler - Free Pack/Entities/Mobs/Orc Crew/Orc - Warrior/Death/Death.aseprite","assets/external/pixel_crawler_free_pack/sources/aseprite/entities/mobs/orc_crew/orc_warrior/death/death.aseprite","aseprite_source","4131"
"Pixel Crawler - Free Pack/Entities/Mobs/Orc Crew/Orc - Warrior/Idle/Idle.aseprite","assets/external/pixel_crawler_free_pack/sources/aseprite/entities/mobs/orc_crew/orc_warrior/idle/idle.aseprite","aseprite_source","2722"
"Pixel Crawler - Free Pack/Entities/Mobs/Orc Crew/Orc - Warrior/Run/Run.aseprite","assets/external/pixel_crawler_free_pack/sources/aseprite/entities/mobs/orc_crew/orc_warrior/run/run.aseprite","aseprite_source","8738"
"Pixel Crawler - Free Pack/Entities/Mobs/Skeleton Crew/Skeleton - Base/Death/Death.aseprite","assets/external/pixel_crawler_free_pack/sources/aseprite/entities/mobs/skeleton_crew/skeleton_base/death/death.aseprite","aseprite_source","3060"
"Pixel Crawler - Free Pack/Entities/Mobs/Skeleton Crew/Skeleton - Base/Idle/Idle.aseprite","assets/external/pixel_crawler_free_pack/sources/aseprite/entities/mobs/skeleton_crew/skeleton_base/idle/idle.aseprite","aseprite_source","1939"
"Pixel Crawler - Free Pack/Entities/Mobs/Skeleton Crew/Skeleton - Base/Run/Run.aseprite","assets/external/pixel_crawler_free_pack/sources/aseprite/entities/mobs/skeleton_crew/skeleton_base/run/run.aseprite","aseprite_source","5786"
"Pixel Crawler - Free Pack/Entities/Mobs/Skeleton Crew/Skeleton - Mage/Death/Death.aseprite","assets/external/pixel_crawler_free_pack/sources/aseprite/entities/mobs/skeleton_crew/skeleton_mage/death/death.aseprite","aseprite_source","2699"
"Pixel Crawler - Free Pack/Entities/Mobs/Skeleton Crew/Skeleton - Mage/Idle/Idle.aseprite","assets/external/pixel_crawler_free_pack/sources/aseprite/entities/mobs/skeleton_crew/skeleton_mage/idle/idle.aseprite","aseprite_source","2310"
"Pixel Crawler - Free Pack/Entities/Mobs/Skeleton Crew/Skeleton - Mage/Run/Run.aseprite","assets/external/pixel_crawler_free_pack/sources/aseprite/entities/mobs/skeleton_crew/skeleton_mage/run/run.aseprite","aseprite_source","5116"
"Pixel Crawler - Free Pack/Entities/Mobs/Skeleton Crew/Skeleton - Rogue/Death/Death.aseprite","assets/external/pixel_crawler_free_pack/sources/aseprite/entities/mobs/skeleton_crew/skeleton_rogue/death/death.aseprite","aseprite_source","2838"
"Pixel Crawler - Free Pack/Entities/Mobs/Skeleton Crew/Skeleton - Rogue/Idle/Idle.aseprite","assets/external/pixel_crawler_free_pack/sources/aseprite/entities/mobs/skeleton_crew/skeleton_rogue/idle/idle.aseprite","aseprite_source","2151"
"Pixel Crawler - Free Pack/Entities/Mobs/Skeleton Crew/Skeleton - Rogue/Run/Run.aseprite","assets/external/pixel_crawler_free_pack/sources/aseprite/entities/mobs/skeleton_crew/skeleton_rogue/run/run.aseprite","aseprite_source","9123"
"Pixel Crawler - Free Pack/Entities/Mobs/Skeleton Crew/Skeleton - Warrior/Death/Death.aseprite","assets/external/pixel_crawler_free_pack/sources/aseprite/entities/mobs/skeleton_crew/skeleton_warrior/death/death.aseprite","aseprite_source","2947"
"Pixel Crawler - Free Pack/Entities/Mobs/Skeleton Crew/Skeleton - Warrior/Idle/Idle.aseprite","assets/external/pixel_crawler_free_pack/sources/aseprite/entities/mobs/skeleton_crew/skeleton_warrior/idle/idle.aseprite","aseprite_source","2271"
"Pixel Crawler - Free Pack/Entities/Mobs/Skeleton Crew/Skeleton - Warrior/Run/Run.aseprite","assets/external/pixel_crawler_free_pack/sources/aseprite/entities/mobs/skeleton_crew/skeleton_warrior/run/run.aseprite","aseprite_source","7309"
"Pixel Crawler - Free Pack/Entities/Npc's/Knight/Death/Death.aseprite","assets/external/pixel_crawler_free_pack/sources/aseprite/entities/npc_s/knight/death/death.aseprite","aseprite_source","2555"
"Pixel Crawler - Free Pack/Entities/Npc's/Knight/Idle/Idle.aseprite","assets/external/pixel_crawler_free_pack/sources/aseprite/entities/npc_s/knight/idle/idle.aseprite","aseprite_source","1994"
"Pixel Crawler - Free Pack/Entities/Npc's/Knight/Run/Run.aseprite","assets/external/pixel_crawler_free_pack/sources/aseprite/entities/npc_s/knight/run/run.aseprite","aseprite_source","2681"
"Pixel Crawler - Free Pack/Entities/Npc's/Rogue/Death/Death.aseprite","assets/external/pixel_crawler_free_pack/sources/aseprite/entities/npc_s/rogue/death/death.aseprite","aseprite_source","2773"
"Pixel Crawler - Free Pack/Entities/Npc's/Rogue/Idle/Idle.aseprite","assets/external/pixel_crawler_free_pack/sources/aseprite/entities/npc_s/rogue/idle/idle.aseprite","aseprite_source","2324"
"Pixel Crawler - Free Pack/Entities/Npc's/Rogue/Run/Run.aseprite","assets/external/pixel_crawler_free_pack/sources/aseprite/entities/npc_s/rogue/run/run.aseprite","aseprite_source","7110"
"Pixel Crawler - Free Pack/Entities/Npc's/Wizzard/Death/Death.aseprite","assets/external/pixel_crawler_free_pack/sources/aseprite/entities/npc_s/wizzard/death/death.aseprite","aseprite_source","3102"
"Pixel Crawler - Free Pack/Entities/Npc's/Wizzard/Idle/Idle.aseprite","assets/external/pixel_crawler_free_pack/sources/aseprite/entities/npc_s/wizzard/idle/idle.aseprite","aseprite_source","2407"
"Pixel Crawler - Free Pack/Entities/Npc's/Wizzard/Run/Run.aseprite","assets/external/pixel_crawler_free_pack/sources/aseprite/entities/npc_s/wizzard/run/run.aseprite","aseprite_source","6198"
"Pixel Crawler - Free Pack/Environment/Props/Animated/Pan_01.aseprite","assets/external/pixel_crawler_free_pack/sources/aseprite/environment/props/animated/pan_01.aseprite","aseprite_source","1542"
"Pixel Crawler - Free Pack/Environment/Props/Animated/Pan_02.aseprite","assets/external/pixel_crawler_free_pack/sources/aseprite/environment/props/animated/pan_02.aseprite","aseprite_source","1564"
"Pixel Crawler - Free Pack/Environment/Props/Animated/Pan_03.aseprite","assets/external/pixel_crawler_free_pack/sources/aseprite/environment/props/animated/pan_03.aseprite","aseprite_source","4206"
"Pixel Crawler - Free Pack/Environment/Props/Animated/Pan_04.aseprite","assets/external/pixel_crawler_free_pack/sources/aseprite/environment/props/animated/pan_04.aseprite","aseprite_source","1512"
"Pixel Crawler - Free Pack/Environment/Props/Animated/Pan_05.aseprite","assets/external/pixel_crawler_free_pack/sources/aseprite/environment/props/animated/pan_05.aseprite","aseprite_source","2348"
"Pixel Crawler - Free Pack/Environment/Props/Static/Dungeon_Props.aseprite","assets/external/pixel_crawler_free_pack/sources/aseprite/environment/props/static/dungeon_props.aseprite","aseprite_source","2381"
"Pixel Crawler - Free Pack/Environment/Props/Static/Esoteric.aseprite","assets/external/pixel_crawler_free_pack/sources/aseprite/environment/props/static/esoteric.aseprite","aseprite_source","2679"
"Pixel Crawler - Free Pack/Environment/Props/Static/Farm.aseprite","assets/external/pixel_crawler_free_pack/sources/aseprite/environment/props/static/farm.aseprite","aseprite_source","11972"
"Pixel Crawler - Free Pack/Environment/Props/Static/Furniture.aseprite","assets/external/pixel_crawler_free_pack/sources/aseprite/environment/props/static/furniture.aseprite","aseprite_source","21204"
"Pixel Crawler - Free Pack/Environment/Props/Static/Meat.aseprite","assets/external/pixel_crawler_free_pack/sources/aseprite/environment/props/static/meat.aseprite","aseprite_source","2081"
"Pixel Crawler - Free Pack/Environment/Props/Static/Pan.aseprite","assets/external/pixel_crawler_free_pack/sources/aseprite/environment/props/static/pan.aseprite","aseprite_source","3649"
"Pixel Crawler - Free Pack/Environment/Props/Static/Resources.aseprite","assets/external/pixel_crawler_free_pack/sources/aseprite/environment/props/static/resources.aseprite","aseprite_source","2532"
"Pixel Crawler - Free Pack/Environment/Props/Static/Rocks.aseprite","assets/external/pixel_crawler_free_pack/sources/aseprite/environment/props/static/rocks.aseprite","aseprite_source","6029"
"Pixel Crawler - Free Pack/Environment/Props/Static/Shadows.aseprite","assets/external/pixel_crawler_free_pack/sources/aseprite/environment/props/static/shadows.aseprite","aseprite_source","2587"
"Pixel Crawler - Free Pack/Environment/Props/Static/Tools.aseprite","assets/external/pixel_crawler_free_pack/sources/aseprite/environment/props/static/tools.aseprite","aseprite_source","7416"
"Pixel Crawler - Free Pack/Environment/Props/Static/Trees/Model_01/Size_02.aseprite","assets/external/pixel_crawler_free_pack/sources/aseprite/environment/props/static/trees/model_01/size_02.aseprite","aseprite_source","6851"
"Pixel Crawler - Free Pack/Environment/Props/Static/Trees/Model_01/Size_03.aseprite","assets/external/pixel_crawler_free_pack/sources/aseprite/environment/props/static/trees/model_01/size_03.aseprite","aseprite_source","11782"
"Pixel Crawler - Free Pack/Environment/Props/Static/Trees/Model_01/Size_04.aseprite","assets/external/pixel_crawler_free_pack/sources/aseprite/environment/props/static/trees/model_01/size_04.aseprite","aseprite_source","27909"
"Pixel Crawler - Free Pack/Environment/Props/Static/Trees/Model_01/Size_05.aseprite","assets/external/pixel_crawler_free_pack/sources/aseprite/environment/props/static/trees/model_01/size_05.aseprite","aseprite_source","31960"
"Pixel Crawler - Free Pack/Environment/Props/Static/Trees/Model_02/Size_02.aseprite","assets/external/pixel_crawler_free_pack/sources/aseprite/environment/props/static/trees/model_02/size_02.aseprite","aseprite_source","3235"
"Pixel Crawler - Free Pack/Environment/Props/Static/Trees/Model_02/Size_03.aseprite","assets/external/pixel_crawler_free_pack/sources/aseprite/environment/props/static/trees/model_02/size_03.aseprite","aseprite_source","5302"
"Pixel Crawler - Free Pack/Environment/Props/Static/Trees/Model_02/Size_04.aseprite","assets/external/pixel_crawler_free_pack/sources/aseprite/environment/props/static/trees/model_02/size_04.aseprite","aseprite_source","8374"
"Pixel Crawler - Free Pack/Environment/Props/Static/Trees/Model_02/Size_05.aseprite","assets/external/pixel_crawler_free_pack/sources/aseprite/environment/props/static/trees/model_02/size_05.aseprite","aseprite_source","18887"
"Pixel Crawler - Free Pack/Environment/Props/Static/Trees/Model_03/Size_02.aseprite","assets/external/pixel_crawler_free_pack/sources/aseprite/environment/props/static/trees/model_03/size_02.aseprite","aseprite_source","3997"
"Pixel Crawler - Free Pack/Environment/Props/Static/Trees/Model_03/Size_03.aseprite","assets/external/pixel_crawler_free_pack/sources/aseprite/environment/props/static/trees/model_03/size_03.aseprite","aseprite_source","10122"
"Pixel Crawler - Free Pack/Environment/Props/Static/Trees/Model_03/Size_04.aseprite","assets/external/pixel_crawler_free_pack/sources/aseprite/environment/props/static/trees/model_03/size_04.aseprite","aseprite_source","19906"
"Pixel Crawler - Free Pack/Environment/Props/Static/Trees/Model_03/Size_05.aseprite","assets/external/pixel_crawler_free_pack/sources/aseprite/environment/props/static/trees/model_03/size_05.aseprite","aseprite_source","28068"
"Pixel Crawler - Free Pack/Environment/Props/Static/Vegetation.aseprite","assets/external/pixel_crawler_free_pack/sources/aseprite/environment/props/static/vegetation.aseprite","aseprite_source","19929"
"Pixel Crawler - Free Pack/Environment/Structures/Buildings/Floors.aseprite","assets/external/pixel_crawler_free_pack/sources/aseprite/environment/structures/buildings/floors.aseprite","aseprite_source","382"
"Pixel Crawler - Free Pack/Environment/Structures/Buildings/Props.aseprite","assets/external/pixel_crawler_free_pack/sources/aseprite/environment/structures/buildings/props.aseprite","aseprite_source","4455"
"Pixel Crawler - Free Pack/Environment/Structures/Buildings/Roofs.aseprite","assets/external/pixel_crawler_free_pack/sources/aseprite/environment/structures/buildings/roofs.aseprite","aseprite_source","11410"
"Pixel Crawler - Free Pack/Environment/Structures/Buildings/Shadows.aseprite","assets/external/pixel_crawler_free_pack/sources/aseprite/environment/structures/buildings/shadows.aseprite","aseprite_source","910"
"Pixel Crawler - Free Pack/Environment/Structures/Buildings/Walls.aseprite","assets/external/pixel_crawler_free_pack/sources/aseprite/environment/structures/buildings/walls.aseprite","aseprite_source","22267"
"Pixel Crawler - Free Pack/Environment/Structures/Stations/Alchemy/Alchemy.aseprite","assets/external/pixel_crawler_free_pack/sources/aseprite/environment/structures/stations/alchemy/alchemy.aseprite","aseprite_source","5656"
"Pixel Crawler - Free Pack/Environment/Structures/Stations/Alchemy/Alchemy_Table_01.aseprite","assets/external/pixel_crawler_free_pack/sources/aseprite/environment/structures/stations/alchemy/alchemy_table_01.aseprite","aseprite_source","43799"
"Pixel Crawler - Free Pack/Environment/Structures/Stations/Alchemy/Alchemy_Table_02.aseprite","assets/external/pixel_crawler_free_pack/sources/aseprite/environment/structures/stations/alchemy/alchemy_table_02.aseprite","aseprite_source","73077"
"Pixel Crawler - Free Pack/Environment/Structures/Stations/Alchemy/Alchemy_Table_03.aseprite","assets/external/pixel_crawler_free_pack/sources/aseprite/environment/structures/stations/alchemy/alchemy_table_03.aseprite","aseprite_source","54879"
"Pixel Crawler - Free Pack/Environment/Structures/Stations/Anvil/Anvil.aseprite","assets/external/pixel_crawler_free_pack/sources/aseprite/environment/structures/stations/anvil/anvil.aseprite","aseprite_source","6815"
"Pixel Crawler - Free Pack/Environment/Structures/Stations/Anvil/Anvil_01.aseprite","assets/external/pixel_crawler_free_pack/sources/aseprite/environment/structures/stations/anvil/anvil_01.aseprite","aseprite_source","42493"
"Pixel Crawler - Free Pack/Environment/Structures/Stations/Anvil/Anvil_02.aseprite","assets/external/pixel_crawler_free_pack/sources/aseprite/environment/structures/stations/anvil/anvil_02.aseprite","aseprite_source","73318"
"Pixel Crawler - Free Pack/Environment/Structures/Stations/Anvil/Anvil_03.aseprite","assets/external/pixel_crawler_free_pack/sources/aseprite/environment/structures/stations/anvil/anvil_03.aseprite","aseprite_source","102587"
"Pixel Crawler - Free Pack/Environment/Structures/Stations/Bonfire/Bonfire.aseprite","assets/external/pixel_crawler_free_pack/sources/aseprite/environment/structures/stations/bonfire/bonfire.aseprite","aseprite_source","4136"
"Pixel Crawler - Free Pack/Environment/Structures/Stations/Bonfire/Bonfire_01.aseprite","assets/external/pixel_crawler_free_pack/sources/aseprite/environment/structures/stations/bonfire/bonfire_01.aseprite","aseprite_source","1640"
"Pixel Crawler - Free Pack/Environment/Structures/Stations/Bonfire/Bonfire_02.aseprite","assets/external/pixel_crawler_free_pack/sources/aseprite/environment/structures/stations/bonfire/bonfire_02.aseprite","aseprite_source","1745"
"Pixel Crawler - Free Pack/Environment/Structures/Stations/Bonfire/Bonfire_03.aseprite","assets/external/pixel_crawler_free_pack/sources/aseprite/environment/structures/stations/bonfire/bonfire_03.aseprite","aseprite_source","1085"
"Pixel Crawler - Free Pack/Environment/Structures/Stations/Bonfire/Bonfire_04.aseprite","assets/external/pixel_crawler_free_pack/sources/aseprite/environment/structures/stations/bonfire/bonfire_04.aseprite","aseprite_source","1141"
"Pixel Crawler - Free Pack/Environment/Structures/Stations/Bonfire/Bonfire_05.aseprite","assets/external/pixel_crawler_free_pack/sources/aseprite/environment/structures/stations/bonfire/bonfire_05.aseprite","aseprite_source","1005"
"Pixel Crawler - Free Pack/Environment/Structures/Stations/Bonfire/Bonfire_06.aseprite","assets/external/pixel_crawler_free_pack/sources/aseprite/environment/structures/stations/bonfire/bonfire_06.aseprite","aseprite_source","634"
"Pixel Crawler - Free Pack/Environment/Structures/Stations/Bonfire/Bonfire_07.aseprite","assets/external/pixel_crawler_free_pack/sources/aseprite/environment/structures/stations/bonfire/bonfire_07.aseprite","aseprite_source","1137"
"Pixel Crawler - Free Pack/Environment/Structures/Stations/Bonfire/Bonfire_08.aseprite","assets/external/pixel_crawler_free_pack/sources/aseprite/environment/structures/stations/bonfire/bonfire_08.aseprite","aseprite_source","966"
"Pixel Crawler - Free Pack/Environment/Structures/Stations/Bonfire/Bonfire_09.aseprite","assets/external/pixel_crawler_free_pack/sources/aseprite/environment/structures/stations/bonfire/bonfire_09.aseprite","aseprite_source","2699"
"Pixel Crawler - Free Pack/Environment/Structures/Stations/Bonfire/Bonfire_10.aseprite","assets/external/pixel_crawler_free_pack/sources/aseprite/environment/structures/stations/bonfire/bonfire_10.aseprite","aseprite_source","1908"
"Pixel Crawler - Free Pack/Environment/Structures/Stations/Bonfire/Fire_01.aseprite","assets/external/pixel_crawler_free_pack/sources/aseprite/environment/structures/stations/bonfire/fire_01.aseprite","aseprite_source","1309"
"Pixel Crawler - Free Pack/Environment/Structures/Stations/Bonfire/Fire_02.aseprite","assets/external/pixel_crawler_free_pack/sources/aseprite/environment/structures/stations/bonfire/fire_02.aseprite","aseprite_source","891"
"Pixel Crawler - Free Pack/Environment/Structures/Stations/Bonfire/Smoke.aseprite","assets/external/pixel_crawler_free_pack/sources/aseprite/environment/structures/stations/bonfire/smoke.aseprite","aseprite_source","2191"
"Pixel Crawler - Free Pack/Environment/Structures/Stations/Cooking Station/Butchery/Butchery_01.aseprite","assets/external/pixel_crawler_free_pack/sources/aseprite/environment/structures/stations/cooking_station/butchery/butchery_01.aseprite","aseprite_source","753"
"Pixel Crawler - Free Pack/Environment/Structures/Stations/Cooking Station/Butchery/Butchery_02.aseprite","assets/external/pixel_crawler_free_pack/sources/aseprite/environment/structures/stations/cooking_station/butchery/butchery_02.aseprite","aseprite_source","1035"
"Pixel Crawler - Free Pack/Environment/Structures/Stations/Cooking Station/Butchery/Butchery_03.aseprite","assets/external/pixel_crawler_free_pack/sources/aseprite/environment/structures/stations/cooking_station/butchery/butchery_03.aseprite","aseprite_source","1738"
"Pixel Crawler - Free Pack/Environment/Structures/Stations/Cooking Station/Butchery/Butchery_04.aseprite","assets/external/pixel_crawler_free_pack/sources/aseprite/environment/structures/stations/cooking_station/butchery/butchery_04.aseprite","aseprite_source","2320"
"Pixel Crawler - Free Pack/Environment/Structures/Stations/Cooking Station/Cooker/Cooker_01.aseprite","assets/external/pixel_crawler_free_pack/sources/aseprite/environment/structures/stations/cooking_station/cooker/cooker_01.aseprite","aseprite_source","543"
"Pixel Crawler - Free Pack/Environment/Structures/Stations/Cooking Station/Cooker/Cooker_02.aseprite","assets/external/pixel_crawler_free_pack/sources/aseprite/environment/structures/stations/cooking_station/cooker/cooker_02.aseprite","aseprite_source","386"
"Pixel Crawler - Free Pack/Environment/Structures/Stations/Cooking Station/Cooker/Cooker_03.aseprite","assets/external/pixel_crawler_free_pack/sources/aseprite/environment/structures/stations/cooking_station/cooker/cooker_03.aseprite","aseprite_source","1605"
"Pixel Crawler - Free Pack/Environment/Structures/Stations/Cooking Station/Cooker/Cooker_04.aseprite","assets/external/pixel_crawler_free_pack/sources/aseprite/environment/structures/stations/cooking_station/cooker/cooker_04.aseprite","aseprite_source","5056"
"Pixel Crawler - Free Pack/Environment/Structures/Stations/Cooking Station/Cooking Station.aseprite","assets/external/pixel_crawler_free_pack/sources/aseprite/environment/structures/stations/cooking_station/cooking_station.aseprite","aseprite_source","11310"
"Pixel Crawler - Free Pack/Environment/Structures/Stations/Cooking Station/Grill/Grill_01.aseprite","assets/external/pixel_crawler_free_pack/sources/aseprite/environment/structures/stations/cooking_station/grill/grill_01.aseprite","aseprite_source","3171"
"Pixel Crawler - Free Pack/Environment/Structures/Stations/Cooking Station/Grill/Grill_02.aseprite","assets/external/pixel_crawler_free_pack/sources/aseprite/environment/structures/stations/cooking_station/grill/grill_02.aseprite","aseprite_source","3573"
"Pixel Crawler - Free Pack/Environment/Structures/Stations/Cooking Station/Grill/Grill_03.aseprite","assets/external/pixel_crawler_free_pack/sources/aseprite/environment/structures/stations/cooking_station/grill/grill_03.aseprite","aseprite_source","4218"
"Pixel Crawler - Free Pack/Environment/Structures/Stations/Cooking Station/Grill/Grill_04.aseprite","assets/external/pixel_crawler_free_pack/sources/aseprite/environment/structures/stations/cooking_station/grill/grill_04.aseprite","aseprite_source","4408"
"Pixel Crawler - Free Pack/Environment/Structures/Stations/Furnace/Bricks_01.aseprite","assets/external/pixel_crawler_free_pack/sources/aseprite/environment/structures/stations/furnace/bricks_01.aseprite","aseprite_source","2645"
"Pixel Crawler - Free Pack/Environment/Structures/Stations/Furnace/Bricks_02.aseprite","assets/external/pixel_crawler_free_pack/sources/aseprite/environment/structures/stations/furnace/bricks_02.aseprite","aseprite_source","3610"
"Pixel Crawler - Free Pack/Environment/Structures/Stations/Furnace/Bricks_03.aseprite","assets/external/pixel_crawler_free_pack/sources/aseprite/environment/structures/stations/furnace/bricks_03.aseprite","aseprite_source","4537"
"Pixel Crawler - Free Pack/Environment/Structures/Stations/Furnace/Furnace.aseprite","assets/external/pixel_crawler_free_pack/sources/aseprite/environment/structures/stations/furnace/furnace.aseprite","aseprite_source","13505"
"Pixel Crawler - Free Pack/Environment/Structures/Stations/Furnace/Iron_01.aseprite","assets/external/pixel_crawler_free_pack/sources/aseprite/environment/structures/stations/furnace/iron_01.aseprite","aseprite_source","3146"
"Pixel Crawler - Free Pack/Environment/Structures/Stations/Furnace/Iron_02.aseprite","assets/external/pixel_crawler_free_pack/sources/aseprite/environment/structures/stations/furnace/iron_02.aseprite","aseprite_source","4062"
"Pixel Crawler - Free Pack/Environment/Structures/Stations/Furnace/Iron_03.aseprite","assets/external/pixel_crawler_free_pack/sources/aseprite/environment/structures/stations/furnace/iron_03.aseprite","aseprite_source","5252"
"Pixel Crawler - Free Pack/Environment/Structures/Stations/Furnace/Stone_01.aseprite","assets/external/pixel_crawler_free_pack/sources/aseprite/environment/structures/stations/furnace/stone_01.aseprite","aseprite_source","2566"
"Pixel Crawler - Free Pack/Environment/Structures/Stations/Furnace/Stone_02.aseprite","assets/external/pixel_crawler_free_pack/sources/aseprite/environment/structures/stations/furnace/stone_02.aseprite","aseprite_source","8251"
"Pixel Crawler - Free Pack/Environment/Structures/Stations/Furnace/Stone_03.aseprite","assets/external/pixel_crawler_free_pack/sources/aseprite/environment/structures/stations/furnace/stone_03.aseprite","aseprite_source","3675"
"Pixel Crawler - Free Pack/Environment/Structures/Stations/Sawmill/Base.aseprite","assets/external/pixel_crawler_free_pack/sources/aseprite/environment/structures/stations/sawmill/base.aseprite","aseprite_source","5525"
"Pixel Crawler - Free Pack/Environment/Structures/Stations/Sawmill/Level_1.aseprite","assets/external/pixel_crawler_free_pack/sources/aseprite/environment/structures/stations/sawmill/level_1.aseprite","aseprite_source","548"
"Pixel Crawler - Free Pack/Environment/Structures/Stations/Sawmill/Level_2.aseprite","assets/external/pixel_crawler_free_pack/sources/aseprite/environment/structures/stations/sawmill/level_2.aseprite","aseprite_source","77849"
"Pixel Crawler - Free Pack/Environment/Structures/Stations/Sawmill/Level_3.aseprite","assets/external/pixel_crawler_free_pack/sources/aseprite/environment/structures/stations/sawmill/level_3.aseprite","aseprite_source","108107"
"Pixel Crawler - Free Pack/Environment/Structures/Stations/Workbench/Workbench.aseprite","assets/external/pixel_crawler_free_pack/sources/aseprite/environment/structures/stations/workbench/workbench.aseprite","aseprite_source","10800"
"Pixel Crawler - Free Pack/Environment/Tilesets/Dungeon_Tiles.aseprite","assets/external/pixel_crawler_free_pack/sources/aseprite/environment/tilesets/dungeon_tiles.aseprite","aseprite_source","14007"
"Pixel Crawler - Free Pack/Environment/Tilesets/Floors_Tiles.aseprite","assets/external/pixel_crawler_free_pack/sources/aseprite/environment/tilesets/floors_tiles.aseprite","aseprite_source","16280"
"Pixel Crawler - Free Pack/Environment/Tilesets/Wall_Tiles.aseprite","assets/external/pixel_crawler_free_pack/sources/aseprite/environment/tilesets/wall_tiles.aseprite","aseprite_source","26629"
"Pixel Crawler - Free Pack/Environment/Tilesets/Wall_Variations.aseprite","assets/external/pixel_crawler_free_pack/sources/aseprite/environment/tilesets/wall_variations.aseprite","aseprite_source","24573"
"Pixel Crawler - Free Pack/Environment/Tilesets/Water.aseprite","assets/external/pixel_crawler_free_pack/sources/aseprite/environment/tilesets/water.aseprite","aseprite_source","8806"
"Pixel Crawler - Free Pack/Environment/Tilesets/Water_tiles.aseprite","assets/external/pixel_crawler_free_pack/sources/aseprite/environment/tilesets/water_tiles.aseprite","aseprite_source","9047"
"Pixel Crawler - Free Pack/Icons/Resources.aseprite","assets/external/pixel_crawler_free_pack/sources/aseprite/icons/resources.aseprite","aseprite_source","3298"
"Pixel Crawler - Free Pack/Weapons/Bone/Bone.aseprite","assets/external/pixel_crawler_free_pack/sources/aseprite/weapons/bone/bone.aseprite","aseprite_source","4481"
"Pixel Crawler - Free Pack/Weapons/Hands/Hands.aseprite","assets/external/pixel_crawler_free_pack/sources/aseprite/weapons/hands/hands.aseprite","aseprite_source","1938"
"Pixel Crawler - Free Pack/Weapons/Wood/Wood.aseprite","assets/external/pixel_crawler_free_pack/sources/aseprite/weapons/wood/wood.aseprite","aseprite_source","4295"
"Pixel Crawler - Free Pack/Entities/Characters/Body_A/Animations/Carry_Idle/Carry_Idle_Down-Sheet.png","assets/external/pixel_crawler_free_pack/spritesheets/entities/characters/body_a/animations/carry_idle/carry_idle_down_sheet.png","spritesheet","992"
"Pixel Crawler - Free Pack/Entities/Characters/Body_A/Animations/Carry_Idle/Carry_Idle_Side-Sheet.png","assets/external/pixel_crawler_free_pack/spritesheets/entities/characters/body_a/animations/carry_idle/carry_idle_side_sheet.png","spritesheet","1001"
"Pixel Crawler - Free Pack/Entities/Characters/Body_A/Animations/Carry_Idle/Carry_Idle_Up-Sheet.png","assets/external/pixel_crawler_free_pack/spritesheets/entities/characters/body_a/animations/carry_idle/carry_idle_up_sheet.png","spritesheet","827"
"Pixel Crawler - Free Pack/Entities/Characters/Body_A/Animations/Carry_Run/Carry_Run_Down-Sheet.png","assets/external/pixel_crawler_free_pack/spritesheets/entities/characters/body_a/animations/carry_run/carry_run_down_sheet.png","spritesheet","1375"
"Pixel Crawler - Free Pack/Entities/Characters/Body_A/Animations/Carry_Run/Carry_Run_Side-Sheet.png","assets/external/pixel_crawler_free_pack/spritesheets/entities/characters/body_a/animations/carry_run/carry_run_side_sheet.png","spritesheet","1369"
"Pixel Crawler - Free Pack/Entities/Characters/Body_A/Animations/Carry_Run/Carry_Run_Up-Sheet.png","assets/external/pixel_crawler_free_pack/spritesheets/entities/characters/body_a/animations/carry_run/carry_run_up_sheet.png","spritesheet","1073"
"Pixel Crawler - Free Pack/Entities/Characters/Body_A/Animations/Carry_Walk/Carry_Walk_Down-Sheet.png","assets/external/pixel_crawler_free_pack/spritesheets/entities/characters/body_a/animations/carry_walk/carry_walk_down_sheet.png","spritesheet","1283"
"Pixel Crawler - Free Pack/Entities/Characters/Body_A/Animations/Carry_Walk/Carry_Walk_Side-Sheet.png","assets/external/pixel_crawler_free_pack/spritesheets/entities/characters/body_a/animations/carry_walk/carry_walk_side_sheet.png","spritesheet","1367"
"Pixel Crawler - Free Pack/Entities/Characters/Body_A/Animations/Carry_Walk/Carry_Walk_Up-Sheet.png","assets/external/pixel_crawler_free_pack/spritesheets/entities/characters/body_a/animations/carry_walk/carry_walk_up_sheet.png","spritesheet","1123"
"Pixel Crawler - Free Pack/Entities/Characters/Body_A/Animations/Collect_Base/Collect_Down-Sheet.png","assets/external/pixel_crawler_free_pack/spritesheets/entities/characters/body_a/animations/collect_base/collect_down_sheet.png","spritesheet","1743"
"Pixel Crawler - Free Pack/Entities/Characters/Body_A/Animations/Collect_Base/Collect_Side-Sheet.png","assets/external/pixel_crawler_free_pack/spritesheets/entities/characters/body_a/animations/collect_base/collect_side_sheet.png","spritesheet","2053"
"Pixel Crawler - Free Pack/Entities/Characters/Body_A/Animations/Collect_Base/Collect_Up-Sheet.png","assets/external/pixel_crawler_free_pack/spritesheets/entities/characters/body_a/animations/collect_base/collect_up_sheet.png","spritesheet","1544"
"Pixel Crawler - Free Pack/Entities/Characters/Body_A/Animations/Crush_Base/Crush_Down-Sheet.png","assets/external/pixel_crawler_free_pack/spritesheets/entities/characters/body_a/animations/crush_base/crush_down_sheet.png","spritesheet","2629"
"Pixel Crawler - Free Pack/Entities/Characters/Body_A/Animations/Crush_Base/Crush_Side-Sheet.png","assets/external/pixel_crawler_free_pack/spritesheets/entities/characters/body_a/animations/crush_base/crush_side_sheet.png","spritesheet","2664"
"Pixel Crawler - Free Pack/Entities/Characters/Body_A/Animations/Crush_Base/Crush_Up-Sheet.png","assets/external/pixel_crawler_free_pack/spritesheets/entities/characters/body_a/animations/crush_base/crush_up_sheet.png","spritesheet","2202"
"Pixel Crawler - Free Pack/Entities/Characters/Body_A/Animations/Death_Base/Death_Down-Sheet.png","assets/external/pixel_crawler_free_pack/spritesheets/entities/characters/body_a/animations/death_base/death_down_sheet.png","spritesheet","2017"
"Pixel Crawler - Free Pack/Entities/Characters/Body_A/Animations/Death_Base/Death_Side-Sheet.png","assets/external/pixel_crawler_free_pack/spritesheets/entities/characters/body_a/animations/death_base/death_side_sheet.png","spritesheet","1803"
"Pixel Crawler - Free Pack/Entities/Characters/Body_A/Animations/Death_Base/Death_Up-Sheet.png","assets/external/pixel_crawler_free_pack/spritesheets/entities/characters/body_a/animations/death_base/death_up_sheet.png","spritesheet","1692"
"Pixel Crawler - Free Pack/Entities/Characters/Body_A/Animations/Fishing_Base/Fishing_Down-Sheet.png","assets/external/pixel_crawler_free_pack/spritesheets/entities/characters/body_a/animations/fishing_base/fishing_down_sheet.png","spritesheet","2425"
"Pixel Crawler - Free Pack/Entities/Characters/Body_A/Animations/Fishing_Base/Fishing_Side-Sheet.png","assets/external/pixel_crawler_free_pack/spritesheets/entities/characters/body_a/animations/fishing_base/fishing_side_sheet.png","spritesheet","2471"
"Pixel Crawler - Free Pack/Entities/Characters/Body_A/Animations/Fishing_Base/Fishing_Up-Sheet.png","assets/external/pixel_crawler_free_pack/spritesheets/entities/characters/body_a/animations/fishing_base/fishing_up_sheet.png","spritesheet","2303"
"Pixel Crawler - Free Pack/Entities/Characters/Body_A/Animations/Hit_Base/Hit_Down-Sheet.png","assets/external/pixel_crawler_free_pack/spritesheets/entities/characters/body_a/animations/hit_base/hit_down_sheet.png","spritesheet","1163"
"Pixel Crawler - Free Pack/Entities/Characters/Body_A/Animations/Hit_Base/Hit_Side-Sheet.png","assets/external/pixel_crawler_free_pack/spritesheets/entities/characters/body_a/animations/hit_base/hit_side_sheet.png","spritesheet","1169"
"Pixel Crawler - Free Pack/Entities/Characters/Body_A/Animations/Hit_Base/Hit_Up-Sheet.png","assets/external/pixel_crawler_free_pack/spritesheets/entities/characters/body_a/animations/hit_base/hit_up_sheet.png","spritesheet","988"
"Pixel Crawler - Free Pack/Entities/Characters/Body_A/Animations/Idle_Base/Idle_Down-Sheet.png","assets/external/pixel_crawler_free_pack/spritesheets/entities/characters/body_a/animations/idle_base/idle_down_sheet.png","spritesheet","1026"
"Pixel Crawler - Free Pack/Entities/Characters/Body_A/Animations/Idle_Base/Idle_Side-Sheet.png","assets/external/pixel_crawler_free_pack/spritesheets/entities/characters/body_a/animations/idle_base/idle_side_sheet.png","spritesheet","1068"
"Pixel Crawler - Free Pack/Entities/Characters/Body_A/Animations/Idle_Base/Idle_Up-Sheet.png","assets/external/pixel_crawler_free_pack/spritesheets/entities/characters/body_a/animations/idle_base/idle_up_sheet.png","spritesheet","863"
"Pixel Crawler - Free Pack/Entities/Characters/Body_A/Animations/Pierce_Base/Pierce_Down-Sheet.png","assets/external/pixel_crawler_free_pack/spritesheets/entities/characters/body_a/animations/pierce_base/pierce_down_sheet.png","spritesheet","2313"
"Pixel Crawler - Free Pack/Entities/Characters/Body_A/Animations/Pierce_Base/Pierce_Side-Sheet.png","assets/external/pixel_crawler_free_pack/spritesheets/entities/characters/body_a/animations/pierce_base/pierce_side_sheet.png","spritesheet","2166"
"Pixel Crawler - Free Pack/Entities/Characters/Body_A/Animations/Pierce_Base/Pierce_Top-Sheet.png","assets/external/pixel_crawler_free_pack/spritesheets/entities/characters/body_a/animations/pierce_base/pierce_top_sheet.png","spritesheet","1748"
"Pixel Crawler - Free Pack/Entities/Characters/Body_A/Animations/Run_Base/Run_Down-Sheet.png","assets/external/pixel_crawler_free_pack/spritesheets/entities/characters/body_a/animations/run_base/run_down_sheet.png","spritesheet","1490"
"Pixel Crawler - Free Pack/Entities/Characters/Body_A/Animations/Run_Base/Run_Side-Sheet.png","assets/external/pixel_crawler_free_pack/spritesheets/entities/characters/body_a/animations/run_base/run_side_sheet.png","spritesheet","1696"
"Pixel Crawler - Free Pack/Entities/Characters/Body_A/Animations/Run_Base/Run_Up-Sheet.png","assets/external/pixel_crawler_free_pack/spritesheets/entities/characters/body_a/animations/run_base/run_up_sheet.png","spritesheet","1357"
"Pixel Crawler - Free Pack/Entities/Characters/Body_A/Animations/Slice_Base/Slice_Down-Sheet.png","assets/external/pixel_crawler_free_pack/spritesheets/entities/characters/body_a/animations/slice_base/slice_down_sheet.png","spritesheet","2780"
"Pixel Crawler - Free Pack/Entities/Characters/Body_A/Animations/Slice_Base/Slice_Side-Sheet.png","assets/external/pixel_crawler_free_pack/spritesheets/entities/characters/body_a/animations/slice_base/slice_side_sheet.png","spritesheet","2871"
"Pixel Crawler - Free Pack/Entities/Characters/Body_A/Animations/Slice_Base/Slice_Up-Sheet.png","assets/external/pixel_crawler_free_pack/spritesheets/entities/characters/body_a/animations/slice_base/slice_up_sheet.png","spritesheet","2319"
"Pixel Crawler - Free Pack/Entities/Characters/Body_A/Animations/Walk_Base/Walk_Down-Sheet.png","assets/external/pixel_crawler_free_pack/spritesheets/entities/characters/body_a/animations/walk_base/walk_down_sheet.png","spritesheet","1424"
"Pixel Crawler - Free Pack/Entities/Characters/Body_A/Animations/Walk_Base/Walk_Side-Sheet.png","assets/external/pixel_crawler_free_pack/spritesheets/entities/characters/body_a/animations/walk_base/walk_side_sheet.png","spritesheet","1414"
"Pixel Crawler - Free Pack/Entities/Characters/Body_A/Animations/Walk_Base/Walk_Up-Sheet.png","assets/external/pixel_crawler_free_pack/spritesheets/entities/characters/body_a/animations/walk_base/walk_up_sheet.png","spritesheet","1319"
"Pixel Crawler - Free Pack/Entities/Characters/Body_A/Animations/Watering_Base/Watering_Down-Sheet.png","assets/external/pixel_crawler_free_pack/spritesheets/entities/characters/body_a/animations/watering_base/watering_down_sheet.png","spritesheet","1841"
"Pixel Crawler - Free Pack/Entities/Characters/Body_A/Animations/Watering_Base/Watering_Side-Sheet.png","assets/external/pixel_crawler_free_pack/spritesheets/entities/characters/body_a/animations/watering_base/watering_side_sheet.png","spritesheet","2377"
"Pixel Crawler - Free Pack/Entities/Characters/Body_A/Animations/Watering_Base/Watering_Up-Sheet.png","assets/external/pixel_crawler_free_pack/spritesheets/entities/characters/body_a/animations/watering_base/watering_up_sheet.png","spritesheet","1547"
"Pixel Crawler - Free Pack/Entities/Mobs/Orc Crew/Orc/Death/Death-Sheet.png","assets/external/pixel_crawler_free_pack/spritesheets/entities/mobs/orc_crew/orc/death/death_sheet.png","spritesheet","3080"
"Pixel Crawler - Free Pack/Entities/Mobs/Orc Crew/Orc/Idle/Idle-Sheet.png","assets/external/pixel_crawler_free_pack/spritesheets/entities/mobs/orc_crew/orc/idle/idle_sheet.png","spritesheet","1544"
"Pixel Crawler - Free Pack/Entities/Mobs/Orc Crew/Orc/Run/Run-Sheet.png","assets/external/pixel_crawler_free_pack/spritesheets/entities/mobs/orc_crew/orc/run/run_sheet.png","spritesheet","2443"
"Pixel Crawler - Free Pack/Entities/Mobs/Orc Crew/Orc - Rogue/Death/Death-Sheet.png","assets/external/pixel_crawler_free_pack/spritesheets/entities/mobs/orc_crew/orc_rogue/death/death_sheet.png","spritesheet","3430"
"Pixel Crawler - Free Pack/Entities/Mobs/Orc Crew/Orc - Rogue/Idle/Idle-Sheet.png","assets/external/pixel_crawler_free_pack/spritesheets/entities/mobs/orc_crew/orc_rogue/idle/idle_sheet.png","spritesheet","1614"
"Pixel Crawler - Free Pack/Entities/Mobs/Orc Crew/Orc - Rogue/Run/Run-Sheet.png","assets/external/pixel_crawler_free_pack/spritesheets/entities/mobs/orc_crew/orc_rogue/run/run_sheet.png","spritesheet","2520"
"Pixel Crawler - Free Pack/Entities/Mobs/Orc Crew/Orc - Shaman/Death/Death-Sheet.png","assets/external/pixel_crawler_free_pack/spritesheets/entities/mobs/orc_crew/orc_shaman/death/death_sheet.png","spritesheet","2777"
"Pixel Crawler - Free Pack/Entities/Mobs/Orc Crew/Orc - Shaman/Idle/Idle-Sheet.png","assets/external/pixel_crawler_free_pack/spritesheets/entities/mobs/orc_crew/orc_shaman/idle/idle_sheet.png","spritesheet","1713"
"Pixel Crawler - Free Pack/Entities/Mobs/Orc Crew/Orc - Shaman/Run/Run-Sheet.png","assets/external/pixel_crawler_free_pack/spritesheets/entities/mobs/orc_crew/orc_shaman/run/run_sheet.png","spritesheet","2852"
"Pixel Crawler - Free Pack/Entities/Mobs/Orc Crew/Orc - Warrior/Death/Death-Sheet.png","assets/external/pixel_crawler_free_pack/spritesheets/entities/mobs/orc_crew/orc_warrior/death/death_sheet.png","spritesheet","4416"
"Pixel Crawler - Free Pack/Entities/Mobs/Orc Crew/Orc - Warrior/Idle/Idle-Sheet.png","assets/external/pixel_crawler_free_pack/spritesheets/entities/mobs/orc_crew/orc_warrior/idle/idle_sheet.png","spritesheet","2075"
"Pixel Crawler - Free Pack/Entities/Mobs/Orc Crew/Orc - Warrior/Run/Run-Sheet.png","assets/external/pixel_crawler_free_pack/spritesheets/entities/mobs/orc_crew/orc_warrior/run/run_sheet.png","spritesheet","3248"
"Pixel Crawler - Free Pack/Entities/Mobs/Skeleton Crew/Skeleton - Base/Death/Death-Sheet.png","assets/external/pixel_crawler_free_pack/spritesheets/entities/mobs/skeleton_crew/skeleton_base/death/death_sheet.png","spritesheet","3388"
"Pixel Crawler - Free Pack/Entities/Mobs/Skeleton Crew/Skeleton - Base/Idle/Idle-Sheet.png","assets/external/pixel_crawler_free_pack/spritesheets/entities/mobs/skeleton_crew/skeleton_base/idle/idle_sheet.png","spritesheet","1248"
"Pixel Crawler - Free Pack/Entities/Mobs/Skeleton Crew/Skeleton - Base/Run/Run-Sheet.png","assets/external/pixel_crawler_free_pack/spritesheets/entities/mobs/skeleton_crew/skeleton_base/run/run_sheet.png","spritesheet","1936"
"Pixel Crawler - Free Pack/Entities/Mobs/Skeleton Crew/Skeleton - Mage/Death/Death-Sheet.png","assets/external/pixel_crawler_free_pack/spritesheets/entities/mobs/skeleton_crew/skeleton_mage/death/death_sheet.png","spritesheet","2881"
"Pixel Crawler - Free Pack/Entities/Mobs/Skeleton Crew/Skeleton - Mage/Idle/Idle-Sheet.png","assets/external/pixel_crawler_free_pack/spritesheets/entities/mobs/skeleton_crew/skeleton_mage/idle/idle_sheet.png","spritesheet","1453"
"Pixel Crawler - Free Pack/Entities/Mobs/Skeleton Crew/Skeleton - Mage/Run/Run-Sheet.png","assets/external/pixel_crawler_free_pack/spritesheets/entities/mobs/skeleton_crew/skeleton_mage/run/run_sheet.png","spritesheet","2218"
"Pixel Crawler - Free Pack/Entities/Mobs/Skeleton Crew/Skeleton - Rogue/Death/Death-Sheet.png","assets/external/pixel_crawler_free_pack/spritesheets/entities/mobs/skeleton_crew/skeleton_rogue/death/death_sheet.png","spritesheet","2962"
"Pixel Crawler - Free Pack/Entities/Mobs/Skeleton Crew/Skeleton - Rogue/Idle/Idle-Sheet.png","assets/external/pixel_crawler_free_pack/spritesheets/entities/mobs/skeleton_crew/skeleton_rogue/idle/idle_sheet.png","spritesheet","1432"
"Pixel Crawler - Free Pack/Entities/Mobs/Skeleton Crew/Skeleton - Rogue/Run/Run-Sheet.png","assets/external/pixel_crawler_free_pack/spritesheets/entities/mobs/skeleton_crew/skeleton_rogue/run/run_sheet.png","spritesheet","2314"
"Pixel Crawler - Free Pack/Entities/Mobs/Skeleton Crew/Skeleton - Warrior/Death/Death-Sheet.png","assets/external/pixel_crawler_free_pack/spritesheets/entities/mobs/skeleton_crew/skeleton_warrior/death/death_sheet.png","spritesheet","2908"
"Pixel Crawler - Free Pack/Entities/Mobs/Skeleton Crew/Skeleton - Warrior/Idle/Idle-Sheet.png","assets/external/pixel_crawler_free_pack/spritesheets/entities/mobs/skeleton_crew/skeleton_warrior/idle/idle_sheet.png","spritesheet","1506"
"Pixel Crawler - Free Pack/Entities/Mobs/Skeleton Crew/Skeleton - Warrior/Run/Run-Sheet.png","assets/external/pixel_crawler_free_pack/spritesheets/entities/mobs/skeleton_crew/skeleton_warrior/run/run_sheet.png","spritesheet","2495"
"Pixel Crawler - Free Pack/Entities/Npc's/Knight/Death/Death-Sheet.png","assets/external/pixel_crawler_free_pack/spritesheets/entities/npc_s/knight/death/death_sheet.png","spritesheet","1943"
"Pixel Crawler - Free Pack/Entities/Npc's/Knight/Idle/Idle-Sheet.png","assets/external/pixel_crawler_free_pack/spritesheets/entities/npc_s/knight/idle/idle_sheet.png","spritesheet","1102"
"Pixel Crawler - Free Pack/Entities/Npc's/Knight/Run/Run-Sheet.png","assets/external/pixel_crawler_free_pack/spritesheets/entities/npc_s/knight/run/run_sheet.png","spritesheet","1933"
"Pixel Crawler - Free Pack/Entities/Npc's/Rogue/Death/Death-Sheet.png","assets/external/pixel_crawler_free_pack/spritesheets/entities/npc_s/rogue/death/death_sheet.png","spritesheet","2650"
"Pixel Crawler - Free Pack/Entities/Npc's/Rogue/Idle/Idle-Sheet.png","assets/external/pixel_crawler_free_pack/spritesheets/entities/npc_s/rogue/idle/idle_sheet.png","spritesheet","1342"
"Pixel Crawler - Free Pack/Entities/Npc's/Rogue/Run/Run-Sheet.png","assets/external/pixel_crawler_free_pack/spritesheets/entities/npc_s/rogue/run/run_sheet.png","spritesheet","2435"
"Pixel Crawler - Free Pack/Entities/Npc's/Wizzard/Death/Death-Sheet.png","assets/external/pixel_crawler_free_pack/spritesheets/entities/npc_s/wizzard/death/death_sheet.png","spritesheet","3465"
"Pixel Crawler - Free Pack/Entities/Npc's/Wizzard/Idle/Idle-Sheet.png","assets/external/pixel_crawler_free_pack/spritesheets/entities/npc_s/wizzard/idle/idle_sheet.png","spritesheet","1507"
"Pixel Crawler - Free Pack/Entities/Npc's/Wizzard/Run/Run-Sheet.png","assets/external/pixel_crawler_free_pack/spritesheets/entities/npc_s/wizzard/run/run_sheet.png","spritesheet","2547"
"Pixel Crawler - Free Pack/Environment/Props/Animated/Pan_01-Sheet.png","assets/external/pixel_crawler_free_pack/spritesheets/environment/props/animated/pan_01_sheet.png","spritesheet","761"
"Pixel Crawler - Free Pack/Environment/Props/Animated/Pan_02-Sheet.png","assets/external/pixel_crawler_free_pack/spritesheets/environment/props/animated/pan_02_sheet.png","spritesheet","634"
"Pixel Crawler - Free Pack/Environment/Props/Animated/Pan_03-Sheet.png","assets/external/pixel_crawler_free_pack/spritesheets/environment/props/animated/pan_03_sheet.png","spritesheet","1670"
"Pixel Crawler - Free Pack/Environment/Props/Animated/Pan_04-Sheet.png","assets/external/pixel_crawler_free_pack/spritesheets/environment/props/animated/pan_04_sheet.png","spritesheet","838"
"Pixel Crawler - Free Pack/Environment/Props/Animated/Pan_05-Sheet.png","assets/external/pixel_crawler_free_pack/spritesheets/environment/props/animated/pan_05_sheet.png","spritesheet","1624"
"Pixel Crawler - Free Pack/Environment/Props/Static/Dungeon_Props.png","assets/external/pixel_crawler_free_pack/spritesheets/environment/props/static/dungeon_props.png","spritesheet","4213"
"Pixel Crawler - Free Pack/Environment/Props/Static/Esoteric.png","assets/external/pixel_crawler_free_pack/spritesheets/environment/props/static/esoteric.png","spritesheet","4885"
"Pixel Crawler - Free Pack/Environment/Props/Static/Farm.png","assets/external/pixel_crawler_free_pack/spritesheets/environment/props/static/farm.png","spritesheet","22698"
"Pixel Crawler - Free Pack/Environment/Props/Static/Furniture.png","assets/external/pixel_crawler_free_pack/spritesheets/environment/props/static/furniture.png","spritesheet","29445"
"Pixel Crawler - Free Pack/Environment/Props/Static/Meat.png","assets/external/pixel_crawler_free_pack/spritesheets/environment/props/static/meat.png","spritesheet","3298"
"Pixel Crawler - Free Pack/Environment/Props/Static/Pan.png","assets/external/pixel_crawler_free_pack/spritesheets/environment/props/static/pan.png","spritesheet","6799"
"Pixel Crawler - Free Pack/Environment/Props/Static/Resources.png","assets/external/pixel_crawler_free_pack/spritesheets/environment/props/static/resources.png","spritesheet","4487"
"Pixel Crawler - Free Pack/Environment/Props/Static/Rocks.png","assets/external/pixel_crawler_free_pack/spritesheets/environment/props/static/rocks.png","spritesheet","8436"
"Pixel Crawler - Free Pack/Environment/Props/Static/Shadows.png","assets/external/pixel_crawler_free_pack/spritesheets/environment/props/static/shadows.png","spritesheet","3965"
"Pixel Crawler - Free Pack/Environment/Props/Static/Tools.png","assets/external/pixel_crawler_free_pack/spritesheets/environment/props/static/tools.png","spritesheet","13491"
"Pixel Crawler - Free Pack/Environment/Props/Static/Trees/Model_01/Size_02.png","assets/external/pixel_crawler_free_pack/spritesheets/environment/props/static/trees/model_01/size_02.png","spritesheet","10604"
"Pixel Crawler - Free Pack/Environment/Props/Static/Trees/Model_01/Size_03.png","assets/external/pixel_crawler_free_pack/spritesheets/environment/props/static/trees/model_01/size_03.png","spritesheet","19583"
"Pixel Crawler - Free Pack/Environment/Props/Static/Trees/Model_01/Size_04.png","assets/external/pixel_crawler_free_pack/spritesheets/environment/props/static/trees/model_01/size_04.png","spritesheet","47337"
"Pixel Crawler - Free Pack/Environment/Props/Static/Trees/Model_01/Size_05.png","assets/external/pixel_crawler_free_pack/spritesheets/environment/props/static/trees/model_01/size_05.png","spritesheet","50559"
"Pixel Crawler - Free Pack/Environment/Props/Static/Trees/Model_02/Size_02.png","assets/external/pixel_crawler_free_pack/spritesheets/environment/props/static/trees/model_02/size_02.png","spritesheet","4945"
"Pixel Crawler - Free Pack/Environment/Props/Static/Trees/Model_02/Size_03.png","assets/external/pixel_crawler_free_pack/spritesheets/environment/props/static/trees/model_02/size_03.png","spritesheet","8168"
"Pixel Crawler - Free Pack/Environment/Props/Static/Trees/Model_02/Size_04.png","assets/external/pixel_crawler_free_pack/spritesheets/environment/props/static/trees/model_02/size_04.png","spritesheet","12805"
"Pixel Crawler - Free Pack/Environment/Props/Static/Trees/Model_02/Size_05.png","assets/external/pixel_crawler_free_pack/spritesheets/environment/props/static/trees/model_02/size_05.png","spritesheet","28032"
"Pixel Crawler - Free Pack/Environment/Props/Static/Trees/Model_03/Size_02.png","assets/external/pixel_crawler_free_pack/spritesheets/environment/props/static/trees/model_03/size_02.png","spritesheet","5922"
"Pixel Crawler - Free Pack/Environment/Props/Static/Trees/Model_03/Size_03.png","assets/external/pixel_crawler_free_pack/spritesheets/environment/props/static/trees/model_03/size_03.png","spritesheet","15338"
"Pixel Crawler - Free Pack/Environment/Props/Static/Trees/Model_03/Size_03-export.png","assets/external/pixel_crawler_free_pack/spritesheets/environment/props/static/trees/model_03/size_03_export.png","spritesheet","15338"
"Pixel Crawler - Free Pack/Environment/Props/Static/Trees/Model_03/Size_04.png","assets/external/pixel_crawler_free_pack/spritesheets/environment/props/static/trees/model_03/size_04.png","spritesheet","31102"
"Pixel Crawler - Free Pack/Environment/Props/Static/Trees/Model_03/Size_04-export.png","assets/external/pixel_crawler_free_pack/spritesheets/environment/props/static/trees/model_03/size_04_export.png","spritesheet","30240"
"Pixel Crawler - Free Pack/Environment/Props/Static/Trees/Model_03/Size_04-export-export.png","assets/external/pixel_crawler_free_pack/spritesheets/environment/props/static/trees/model_03/size_04_export_export.png","spritesheet","30240"
"Pixel Crawler - Free Pack/Environment/Props/Static/Trees/Model_03/Size_05.png","assets/external/pixel_crawler_free_pack/spritesheets/environment/props/static/trees/model_03/size_05.png","spritesheet","41673"
"Pixel Crawler - Free Pack/Environment/Props/Static/Vegetation.png","assets/external/pixel_crawler_free_pack/spritesheets/environment/props/static/vegetation.png","spritesheet","32871"
"Pixel Crawler - Free Pack/Environment/Structures/Buildings/Floors.png","assets/external/pixel_crawler_free_pack/spritesheets/environment/structures/buildings/floors.png","spritesheet","889"
"Pixel Crawler - Free Pack/Environment/Structures/Buildings/Props.png","assets/external/pixel_crawler_free_pack/spritesheets/environment/structures/buildings/props.png","spritesheet","8364"
"Pixel Crawler - Free Pack/Environment/Structures/Buildings/Roofs.png","assets/external/pixel_crawler_free_pack/spritesheets/environment/structures/buildings/roofs.png","spritesheet","11073"
"Pixel Crawler - Free Pack/Environment/Structures/Buildings/Shadows.png","assets/external/pixel_crawler_free_pack/spritesheets/environment/structures/buildings/shadows.png","spritesheet","1634"
"Pixel Crawler - Free Pack/Environment/Structures/Buildings/Walls.png","assets/external/pixel_crawler_free_pack/spritesheets/environment/structures/buildings/walls.png","spritesheet","22524"
"Pixel Crawler - Free Pack/Environment/Structures/Stations/Alchemy/Alchemy_Table_01-Sheet.png","assets/external/pixel_crawler_free_pack/spritesheets/environment/structures/stations/alchemy/alchemy_table_01_sheet.png","spritesheet","13701"
"Pixel Crawler - Free Pack/Environment/Structures/Stations/Alchemy/Alchemy_Table_02-Sheet.png","assets/external/pixel_crawler_free_pack/spritesheets/environment/structures/stations/alchemy/alchemy_table_02_sheet.png","spritesheet","16055"
"Pixel Crawler - Free Pack/Environment/Structures/Stations/Alchemy/Alchemy_Table_03-Sheet.png","assets/external/pixel_crawler_free_pack/spritesheets/environment/structures/stations/alchemy/alchemy_table_03_sheet.png","spritesheet","24639"
"Pixel Crawler - Free Pack/Environment/Structures/Stations/Anvil/Anvil.png","assets/external/pixel_crawler_free_pack/spritesheets/environment/structures/stations/anvil/anvil.png","spritesheet","7961"
"Pixel Crawler - Free Pack/Environment/Structures/Stations/Anvil/Anvil_01-Sheet.png","assets/external/pixel_crawler_free_pack/spritesheets/environment/structures/stations/anvil/anvil_01_sheet.png","spritesheet","14014"
"Pixel Crawler - Free Pack/Environment/Structures/Stations/Anvil/Anvil_02-Sheet.png","assets/external/pixel_crawler_free_pack/spritesheets/environment/structures/stations/anvil/anvil_02_sheet.png","spritesheet","27126"
"Pixel Crawler - Free Pack/Environment/Structures/Stations/Anvil/Anvil_03-Sheet.png","assets/external/pixel_crawler_free_pack/spritesheets/environment/structures/stations/anvil/anvil_03_sheet.png","spritesheet","39876"
"Pixel Crawler - Free Pack/Environment/Structures/Stations/Bonfire/Bonfire.png","assets/external/pixel_crawler_free_pack/spritesheets/environment/structures/stations/bonfire/bonfire.png","spritesheet","3919"
"Pixel Crawler - Free Pack/Environment/Structures/Stations/Bonfire/Bonfire_01-Sheet.png","assets/external/pixel_crawler_free_pack/spritesheets/environment/structures/stations/bonfire/bonfire_01_sheet.png","spritesheet","1049"
"Pixel Crawler - Free Pack/Environment/Structures/Stations/Bonfire/Bonfire_02-Sheet.png","assets/external/pixel_crawler_free_pack/spritesheets/environment/structures/stations/bonfire/bonfire_02_sheet.png","spritesheet","1169"
"Pixel Crawler - Free Pack/Environment/Structures/Stations/Bonfire/Bonfire_03-Sheet.png","assets/external/pixel_crawler_free_pack/spritesheets/environment/structures/stations/bonfire/bonfire_03_sheet.png","spritesheet","714"
"Pixel Crawler - Free Pack/Environment/Structures/Stations/Bonfire/Bonfire_04-Sheet.png","assets/external/pixel_crawler_free_pack/spritesheets/environment/structures/stations/bonfire/bonfire_04_sheet.png","spritesheet","689"
"Pixel Crawler - Free Pack/Environment/Structures/Stations/Bonfire/Bonfire_05-Sheet.png","assets/external/pixel_crawler_free_pack/spritesheets/environment/structures/stations/bonfire/bonfire_05_sheet.png","spritesheet","725"
"Pixel Crawler - Free Pack/Environment/Structures/Stations/Bonfire/Bonfire_06-Sheet.png","assets/external/pixel_crawler_free_pack/spritesheets/environment/structures/stations/bonfire/bonfire_06_sheet.png","spritesheet","353"
"Pixel Crawler - Free Pack/Environment/Structures/Stations/Bonfire/Bonfire_07-Sheet.png","assets/external/pixel_crawler_free_pack/spritesheets/environment/structures/stations/bonfire/bonfire_07_sheet.png","spritesheet","692"
"Pixel Crawler - Free Pack/Environment/Structures/Stations/Bonfire/Bonfire_08-Sheet.png","assets/external/pixel_crawler_free_pack/spritesheets/environment/structures/stations/bonfire/bonfire_08_sheet.png","spritesheet","651"
"Pixel Crawler - Free Pack/Environment/Structures/Stations/Bonfire/Bonfire_09-Sheet.png","assets/external/pixel_crawler_free_pack/spritesheets/environment/structures/stations/bonfire/bonfire_09_sheet.png","spritesheet","1809"
"Pixel Crawler - Free Pack/Environment/Structures/Stations/Bonfire/Bonfire_10-Sheet.png","assets/external/pixel_crawler_free_pack/spritesheets/environment/structures/stations/bonfire/bonfire_10_sheet.png","spritesheet","1179"
"Pixel Crawler - Free Pack/Environment/Structures/Stations/Bonfire/Fire_01-Sheet.png","assets/external/pixel_crawler_free_pack/spritesheets/environment/structures/stations/bonfire/fire_01_sheet.png","spritesheet","1417"
"Pixel Crawler - Free Pack/Environment/Structures/Stations/Bonfire/Fire_02-Sheet.png","assets/external/pixel_crawler_free_pack/spritesheets/environment/structures/stations/bonfire/fire_02_sheet.png","spritesheet","797"
"Pixel Crawler - Free Pack/Environment/Structures/Stations/Bonfire/Smoke-Sheet.png","assets/external/pixel_crawler_free_pack/spritesheets/environment/structures/stations/bonfire/smoke_sheet.png","spritesheet","554"
"Pixel Crawler - Free Pack/Environment/Structures/Stations/Cooking Station/Butchery/Butchery_01-Sheet.png","assets/external/pixel_crawler_free_pack/spritesheets/environment/structures/stations/cooking_station/butchery/butchery_01_sheet.png","spritesheet","752"
"Pixel Crawler - Free Pack/Environment/Structures/Stations/Cooking Station/Butchery/Butchery_02.png","assets/external/pixel_crawler_free_pack/spritesheets/environment/structures/stations/cooking_station/butchery/butchery_02.png","spritesheet","1150"
"Pixel Crawler - Free Pack/Environment/Structures/Stations/Cooking Station/Butchery/Butchery_03.png","assets/external/pixel_crawler_free_pack/spritesheets/environment/structures/stations/cooking_station/butchery/butchery_03.png","spritesheet","2233"
"Pixel Crawler - Free Pack/Environment/Structures/Stations/Cooking Station/Butchery/Butchery_04.png","assets/external/pixel_crawler_free_pack/spritesheets/environment/structures/stations/cooking_station/butchery/butchery_04.png","spritesheet","3020"
"Pixel Crawler - Free Pack/Environment/Structures/Stations/Cooking Station/Cooker/Cooker_01.png","assets/external/pixel_crawler_free_pack/spritesheets/environment/structures/stations/cooking_station/cooker/cooker_01.png","spritesheet","508"
"Pixel Crawler - Free Pack/Environment/Structures/Stations/Cooking Station/Cooker/Cooker_02.png","assets/external/pixel_crawler_free_pack/spritesheets/environment/structures/stations/cooking_station/cooker/cooker_02.png","spritesheet","336"
"Pixel Crawler - Free Pack/Environment/Structures/Stations/Cooking Station/Cooker/Cooker_03-Sheet.png","assets/external/pixel_crawler_free_pack/spritesheets/environment/structures/stations/cooking_station/cooker/cooker_03_sheet.png","spritesheet","909"
"Pixel Crawler - Free Pack/Environment/Structures/Stations/Cooking Station/Cooker/Cooker_04-Sheet.png","assets/external/pixel_crawler_free_pack/spritesheets/environment/structures/stations/cooking_station/cooker/cooker_04_sheet.png","spritesheet","2897"
"Pixel Crawler - Free Pack/Environment/Structures/Stations/Cooking Station/Cooking Station.png","assets/external/pixel_crawler_free_pack/spritesheets/environment/structures/stations/cooking_station/cooking_station.png","spritesheet","16528"
"Pixel Crawler - Free Pack/Environment/Structures/Stations/Cooking Station/Estructure.png","assets/external/pixel_crawler_free_pack/spritesheets/environment/structures/stations/cooking_station/estructure.png","spritesheet","6314"
"Pixel Crawler - Free Pack/Environment/Structures/Stations/Cooking Station/Grill/Grill_01-Sheet.png","assets/external/pixel_crawler_free_pack/spritesheets/environment/structures/stations/cooking_station/grill/grill_01_sheet.png","spritesheet","1564"
"Pixel Crawler - Free Pack/Environment/Structures/Stations/Cooking Station/Grill/Grill_02-Sheet.png","assets/external/pixel_crawler_free_pack/spritesheets/environment/structures/stations/cooking_station/grill/grill_02_sheet.png","spritesheet","1708"
"Pixel Crawler - Free Pack/Environment/Structures/Stations/Cooking Station/Grill/Grill_03-Sheet.png","assets/external/pixel_crawler_free_pack/spritesheets/environment/structures/stations/cooking_station/grill/grill_03_sheet.png","spritesheet","2249"
"Pixel Crawler - Free Pack/Environment/Structures/Stations/Cooking Station/Grill/Grill_04-Sheet.png","assets/external/pixel_crawler_free_pack/spritesheets/environment/structures/stations/cooking_station/grill/grill_04_sheet.png","spritesheet","2787"
"Pixel Crawler - Free Pack/Environment/Structures/Stations/Furnace/Bricks_01-Sheet.png","assets/external/pixel_crawler_free_pack/spritesheets/environment/structures/stations/furnace/bricks_01_sheet.png","spritesheet","1680"
"Pixel Crawler - Free Pack/Environment/Structures/Stations/Furnace/Bricks_02-Sheet.png","assets/external/pixel_crawler_free_pack/spritesheets/environment/structures/stations/furnace/bricks_02_sheet.png","spritesheet","2440"
"Pixel Crawler - Free Pack/Environment/Structures/Stations/Furnace/Bricks_03-Sheet.png","assets/external/pixel_crawler_free_pack/spritesheets/environment/structures/stations/furnace/bricks_03_sheet.png","spritesheet","2439"
"Pixel Crawler - Free Pack/Environment/Structures/Stations/Furnace/Furnace.png","assets/external/pixel_crawler_free_pack/spritesheets/environment/structures/stations/furnace/furnace.png","spritesheet","18229"
"Pixel Crawler - Free Pack/Environment/Structures/Stations/Furnace/Iron_01-Sheet.png","assets/external/pixel_crawler_free_pack/spritesheets/environment/structures/stations/furnace/iron_01_sheet.png","spritesheet","1550"
"Pixel Crawler - Free Pack/Environment/Structures/Stations/Furnace/Iron_02-Sheet.png","assets/external/pixel_crawler_free_pack/spritesheets/environment/structures/stations/furnace/iron_02_sheet.png","spritesheet","2283"
"Pixel Crawler - Free Pack/Environment/Structures/Stations/Furnace/Iron_03-Sheet.png","assets/external/pixel_crawler_free_pack/spritesheets/environment/structures/stations/furnace/iron_03_sheet.png","spritesheet","3160"
"Pixel Crawler - Free Pack/Environment/Structures/Stations/Furnace/Stone_01-Sheet.png","assets/external/pixel_crawler_free_pack/spritesheets/environment/structures/stations/furnace/stone_01_sheet.png","spritesheet","1560"
"Pixel Crawler - Free Pack/Environment/Structures/Stations/Furnace/Stone_02-Sheet.png","assets/external/pixel_crawler_free_pack/spritesheets/environment/structures/stations/furnace/stone_02_sheet.png","spritesheet","1807"
"Pixel Crawler - Free Pack/Environment/Structures/Stations/Furnace/Stone_03-Sheet.png","assets/external/pixel_crawler_free_pack/spritesheets/environment/structures/stations/furnace/stone_03_sheet.png","spritesheet","2331"
"Pixel Crawler - Free Pack/Environment/Structures/Stations/Sawmill/Base.png","assets/external/pixel_crawler_free_pack/spritesheets/environment/structures/stations/sawmill/base.png","spritesheet","7334"
"Pixel Crawler - Free Pack/Environment/Structures/Stations/Sawmill/Level_1.png","assets/external/pixel_crawler_free_pack/spritesheets/environment/structures/stations/sawmill/level_1.png","spritesheet","614"
"Pixel Crawler - Free Pack/Environment/Structures/Stations/Sawmill/Level_2-Sheet.png","assets/external/pixel_crawler_free_pack/spritesheets/environment/structures/stations/sawmill/level_2_sheet.png","spritesheet","31563"
"Pixel Crawler - Free Pack/Environment/Structures/Stations/Sawmill/Level_3-Sheet.png","assets/external/pixel_crawler_free_pack/spritesheets/environment/structures/stations/sawmill/level_3_sheet.png","spritesheet","50055"
"Pixel Crawler - Free Pack/Environment/Structures/Stations/Workbench/Workbench.png","assets/external/pixel_crawler_free_pack/spritesheets/environment/structures/stations/workbench/workbench.png","spritesheet","13731"
"Pixel Crawler - Free Pack/Environment/Tilesets/Dungeon_Tiles.png","assets/external/pixel_crawler_free_pack/spritesheets/environment/tilesets/dungeon_tiles.png","spritesheet","21113"
"Pixel Crawler - Free Pack/Environment/Tilesets/Floors_Tiles.png","assets/external/pixel_crawler_free_pack/spritesheets/environment/tilesets/floors_tiles.png","spritesheet","21966"
"Pixel Crawler - Free Pack/Environment/Tilesets/Wall_Tiles.png","assets/external/pixel_crawler_free_pack/spritesheets/environment/tilesets/wall_tiles.png","spritesheet","41057"
"Pixel Crawler - Free Pack/Environment/Tilesets/Wall_Variations.png","assets/external/pixel_crawler_free_pack/spritesheets/environment/tilesets/wall_variations.png","spritesheet","36550"
"Pixel Crawler - Free Pack/Environment/Tilesets/Water_tiles.png","assets/external/pixel_crawler_free_pack/spritesheets/environment/tilesets/water_tiles.png","spritesheet","12937"
"Pixel Crawler - Free Pack/Weapons/Bone/Bone.png","assets/external/pixel_crawler_free_pack/spritesheets/weapons/bone/bone.png","spritesheet","7285"
"Pixel Crawler - Free Pack/Weapons/Hands/Hands.png","assets/external/pixel_crawler_free_pack/spritesheets/weapons/hands/hands.png","spritesheet","1273"
"Pixel Crawler - Free Pack/Weapons/Wood/Wood.png","assets/external/pixel_crawler_free_pack/spritesheets/weapons/wood/wood.png","spritesheet","6479"
"Pixel Crawler - Free Pack/Terms.txt","assets/external/pixel_crawler_free_pack/terms.txt","terms","1290"
